gene_name,gene_type
ZNF354C,transcription_factor
KLF12,transcription_factor
ZNF143,transcription_factor
ZIC2,transcription_factor
ZNF274,transcription_factor
SP2,transcription_factor
ZBTB7A,transcription_factor
BCL6B,transcription_factor
ZBTB49,transcription_factor
ZIC1,transcription_factor
ZNF232,transcription_factor
ZNF282,transcription_factor
ZNF410,transcription_factor
ZSCAN16,transcription_factor
ZNF524,transcription_factor
ZNF713,transcription_factor
ZNF75A,transcription_factor
ZSCAN4,transcription_factor
ZNF200,transcription_factor
SNAI2,transcription_factor
KLF1,transcription_factor
BCL6,transcription_factor
EGR2,transcription_factor
OVOL2,transcription_factor
GFI1,transcription_factor
GFI1B,transcription_factor
KLF11,transcription_factor
WT1,transcription_factor
ZNF655,transcription_factor
FOXC1,transcription_factor
ARX,transcription_factor
VSX1,transcription_factor
CRX,transcription_factor
PBX4,transcription_factor
PHOX2B,transcription_factor
VAX2,transcription_factor
VSX2,transcription_factor
MSX2,transcription_factor
ESX1,transcription_factor
HOXD13,transcription_factor
NKX2-8,transcription_factor
VENTX,transcription_factor
HESX1,transcription_factor
PITX2,transcription_factor
PROP1,transcription_factor
ISX,transcription_factor
NKX2-5,transcription_factor
SIX6,transcription_factor
HOXC4,transcription_factor
HOXB7,transcription_factor
PAX6,transcription_factor
PAX7,transcription_factor
PAX4,transcription_factor
PAX3,transcription_factor
POU4F3,transcription_factor
POU6F2,transcription_factor
POU3F4,transcription_factor
NR1H4,transcription_factor
NR2E3,transcription_factor
POU2F1,transcription_factor
RBPJ,transcription_factor
FOXP1,transcription_factor
MAX,transcription_factor
PHF1,transcription_factor
MTF2,transcription_factor
BCL11A,transcription_factor
BCL11B,transcription_factor
FOXN2,transcription_factor
FOXR1,transcription_factor
SOX4,transcription_factor
SOHLH2,transcription_factor
ZSCAN29,transcription_factor
PLAGL2,transcription_factor
VEZF1,transcription_factor
ZBTB44,transcription_factor
CENPBD1,transcription_factor
TIGD1,transcription_factor
CXXC5,transcription_factor
FOXN3,transcription_factor
HDX,transcription_factor
DUXA,transcription_factor
MSANTD3,transcription_factor
ZZZ3,transcription_factor
LCORL,transcription_factor
NFATC4,transcription_factor
CUX2,transcription_factor
CUX1,transcription_factor
DLX3,transcription_factor
LHX9,transcription_factor
POU5F1B,transcription_factor
NFATC2,transcription_factor
ZFHX3,transcription_factor
KDM2B,transcription_factor
KMT2A,transcription_factor
DNMT1,transcription_factor
TET1,transcription_factor
DMRT3,transcription_factor
DMRT1,transcription_factor
DMRTA2,transcription_factor
DMRT2,transcription_factor
E2F2,transcription_factor
FOXK1,transcription_factor
FOXG1,transcription_factor
GCM1,transcription_factor
HOXA2,transcription_factor
NOBOX,transcription_factor
LHX2,transcription_factor
LHX6,transcription_factor
TLX2,transcription_factor
EMX1,transcription_factor
ZFHX2,transcription_factor
LBX1,transcription_factor
HOXB13,transcription_factor
ZHX1,transcription_factor
POU6F1,transcription_factor
SHOX,transcription_factor
ANHX,transcription_factor
MYRF,transcription_factor
NR2E1,transcription_factor
NR3C2,transcription_factor
NR2F6,transcription_factor
RARG,transcription_factor
NFATC3,transcription_factor
RFX2,transcription_factor
GMEB1,transcription_factor
THAP12,transcription_factor
GLI2,transcription_factor
GLI3,transcription_factor
GLI1,transcription_factor
ETS1,transcription_factor
NFIL3,transcription_factor
MZF1,transcription_factor
RREB1,transcription_factor
SPIB,transcription_factor
FOXF2,transcription_factor
FOXD1,transcription_factor
PBX1,transcription_factor
IRF2,transcription_factor
RORA,transcription_factor
PPARG,transcription_factor
REL,transcription_factor
RELA,transcription_factor
SOX9,transcription_factor
SRY,transcription_factor
TFEB,transcription_factor
TCF4,transcription_factor
CEBPE,transcription_factor
XBP1,transcription_factor
PRDM1,transcription_factor
EHF,transcription_factor
ERG,transcription_factor
FOXJ3,transcription_factor
GATA1,transcription_factor
MEIS2,transcription_factor
POU2F2,transcription_factor
HSF2,transcription_factor
MEF2C,transcription_factor
RXRG,transcription_factor
NFATC1,transcription_factor
RFX3,transcription_factor
RUNX3,transcription_factor
EOMES,transcription_factor
TFAP2B,transcription_factor
TFAP2C,transcription_factor
TFAP2A,transcription_factor
ZBED1,transcription_factor
MLXIPL,transcription_factor
TFE3,transcription_factor
MNT,transcription_factor
TCF3,transcription_factor
TFAP4,transcription_factor
TFEC,transcription_factor
MLX,transcription_factor
MYF6,transcription_factor
BHLHE41,transcription_factor
BHLHE23,transcription_factor
ARNTL,transcription_factor
BHLHE40,transcription_factor
CLOCK,transcription_factor
HEY2,transcription_factor
USF1,transcription_factor
HEY1,transcription_factor
MESP1,transcription_factor
NEUROD2,transcription_factor
NHLH1,transcription_factor
OLIG3,transcription_factor
NEUROG2,transcription_factor
MSC,transcription_factor
HES7,transcription_factor
BHLHA15,transcription_factor
BHLHE22,transcription_factor
FIGLA,transcription_factor
OLIG1,transcription_factor
HES5,transcription_factor
SREBF2,transcription_factor
OLIG2,transcription_factor
MGA,transcription_factor
DBP,transcription_factor
CREB3,transcription_factor
HLF,transcription_factor
NFE2,transcription_factor
BATF3,transcription_factor
ATF4,transcription_factor
NRL,transcription_factor
JDP2,transcription_factor
CEBPG,transcription_factor
CREB3L1,transcription_factor
TEF,transcription_factor
CEBPB,transcription_factor
MAFF,transcription_factor
MAFG,transcription_factor
MAFK,transcription_factor
CEBPD,transcription_factor
ATF7,transcription_factor
YY1,transcription_factor
CTCF,transcription_factor
SP4,transcription_factor
GLIS3,transcription_factor
PRDM4,transcription_factor
EGR1,transcription_factor
GLIS2,transcription_factor
KLF16,transcription_factor
EGR4,transcription_factor
ZNF740,transcription_factor
ZIC3,transcription_factor
ZBTB7B,transcription_factor
SP8,transcription_factor
HIC2,transcription_factor
KLF13,transcription_factor
HINFP,transcription_factor
SP3,transcription_factor
GLIS1,transcription_factor
ZIC4,transcription_factor
EGR3,transcription_factor
ZBTB18,transcription_factor
ZNF784,transcription_factor
ZBTB7C,transcription_factor
SP1,transcription_factor
MTF1,transcription_factor
ZKSCAN3,transcription_factor
SCRT2,transcription_factor
YY2,transcription_factor
SCRT1,transcription_factor
KLF14,transcription_factor
CENPB,transcription_factor
ONECUT2,transcription_factor
ONECUT1,transcription_factor
ONECUT3,transcription_factor
E2F1,transcription_factor
E2F3,transcription_factor
E2F8,transcription_factor
E2F7,transcription_factor
E2F4,transcription_factor
EBF1,transcription_factor
ETV1,transcription_factor
SPI1,transcription_factor
ELF4,transcription_factor
ETV2,transcription_factor
ERF,transcription_factor
ELK3,transcription_factor
ETV3,transcription_factor
ELF1,transcription_factor
SPDEF,transcription_factor
ELK1,transcription_factor
ELF5,transcription_factor
ETV6,transcription_factor
FLI1,transcription_factor
GABPA,transcription_factor
ELK4,transcription_factor
ELF3,transcription_factor
FEV,transcription_factor
SPIC,transcription_factor
ETV4,transcription_factor
ETV5,transcription_factor
FOXP3,transcription_factor
FOXJ2,transcription_factor
FOXO3,transcription_factor
FOXO1,transcription_factor
FOXI1,transcription_factor
FOXB1,transcription_factor
FOXL1,transcription_factor
FOXC2,transcription_factor
FOXO4,transcription_factor
FOXD2,transcription_factor
FOXD3,transcription_factor
FOXO6,transcription_factor
GATA3,transcription_factor
GATA5,transcription_factor
GATA4,transcription_factor
GCM2,transcription_factor
GRHL1,transcription_factor
TFCP2,transcription_factor
MEOX1,transcription_factor
DLX6,transcription_factor
ALX4,transcription_factor
GSC2,transcription_factor
PITX1,transcription_factor
HOXA9,transcription_factor
RHOXF1,transcription_factor
MEIS3,transcription_factor
DLX5,transcription_factor
HOXA1,transcription_factor
HOXA13,transcription_factor
EVX1,transcription_factor
MEOX2,transcription_factor
PITX3,transcription_factor
DLX4,transcription_factor
CDX1,transcription_factor
OTX1,transcription_factor
DLX2,transcription_factor
PRRX1,transcription_factor
TGIF2,transcription_factor
HOXB5,transcription_factor
HOXB3,transcription_factor
HOXC13,transcription_factor
HOXC11,transcription_factor
HOXC12,transcription_factor
HOXD11,transcription_factor
MNX1,transcription_factor
BARX1,transcription_factor
GSC,transcription_factor
RAX,transcription_factor
HNF1A,transcription_factor
LMX1B,transcription_factor
PDX1,transcription_factor
BARHL2,transcription_factor
MEIS1,transcription_factor
DLX1,transcription_factor
HMBOX1,transcription_factor
VAX1,transcription_factor
TGIF2LX,transcription_factor
ALX3,transcription_factor
ISL2,transcription_factor
PKNOX1,transcription_factor
LMX1A,transcription_factor
EN1,transcription_factor
MSX1,transcription_factor
EN2,transcription_factor
UNCX,transcription_factor
GBX1,transcription_factor
PHOX2A,transcription_factor
PKNOX2,transcription_factor
CDX2,transcription_factor
OTX2,transcription_factor
DRGX,transcription_factor
PRRX2,transcription_factor
GBX2,transcription_factor
SHOX2,transcription_factor
GSX1,transcription_factor
HOXD12,transcription_factor
EMX2,transcription_factor
IRX2,transcription_factor
HOXB2,transcription_factor
RAX2,transcription_factor
EVX2,transcription_factor
HOXD8,transcription_factor
IRX5,transcription_factor
TGIF1,transcription_factor
LBX2,transcription_factor
ALX1,transcription_factor
GSX2,transcription_factor
HOXC10,transcription_factor
MIXL1,transcription_factor
HMX3,transcription_factor
HMX2,transcription_factor
BSX,transcription_factor
DMBX1,transcription_factor
DPRX,transcription_factor
NOTO,transcription_factor
HOMEZ,transcription_factor
HMX1,transcription_factor
HNF1B,transcription_factor
PAX2,transcription_factor
POU1F1,transcription_factor
POU2F3,transcription_factor
POU4F2,transcription_factor
POU4F1,transcription_factor
POU3F2,transcription_factor
POU3F1,transcription_factor
POU3F3,transcription_factor
HSF4,transcription_factor
HSFY2,transcription_factor
HSF1,transcription_factor
IRF3,transcription_factor
IRF5,transcription_factor
IRF4,transcription_factor
IRF8,transcription_factor
IRF7,transcription_factor
IRF9,transcription_factor
MEF2A,transcription_factor
SRF,transcription_factor
MEF2D,transcription_factor
MEF2B,transcription_factor
MYBL2,transcription_factor
MYBL1,transcription_factor
RARB,transcription_factor
ESR1,transcription_factor
HNF4A,transcription_factor
VDR,transcription_factor
NR3C1,transcription_factor
ESRRB,transcription_factor
THRA,transcription_factor
RARA,transcription_factor
THRB,transcription_factor
NR4A2,transcription_factor
AR,transcription_factor
ESRRA,transcription_factor
NR2F1,transcription_factor
NR2C2,transcription_factor
RXRA,transcription_factor
ESRRG,transcription_factor
RXRB,transcription_factor
TP63,transcription_factor
PAX1,transcription_factor
PAX5,transcription_factor
PAX9,transcription_factor
PROX1,transcription_factor
NFKB2,transcription_factor
NFAT5,transcription_factor
NFKB1,transcription_factor
RFX4,transcription_factor
RFX5,transcription_factor
RUNX2,transcription_factor
GMEB2,transcription_factor
NFIX,transcription_factor
NFIB,transcription_factor
NFIA,transcription_factor
SMAD3,transcription_factor
SOX8,transcription_factor
SOX10,transcription_factor
SOX21,transcription_factor
SOX15,transcription_factor
LEF1,transcription_factor
TCF7L1,transcription_factor
SOX14,transcription_factor
SOX7,transcription_factor
SOX2,transcription_factor
SOX18,transcription_factor
TBX21,transcription_factor
TBX5,transcription_factor
TBX15,transcription_factor
TBX2,transcription_factor
TBX4,transcription_factor
TBR1,transcription_factor
TBX19,transcription_factor
TBX20,transcription_factor
TBX1,transcription_factor
TEAD3,transcription_factor
TEAD1,transcription_factor
TEAD4,transcription_factor
NRF1,transcription_factor
CPEB1,transcription_factor
PGR,transcription_factor
NR1I3,transcription_factor
NR1I2,transcription_factor
NFE2L1,transcription_factor
ATF2,transcription_factor
ATF6,transcription_factor
CREB1,transcription_factor
ATF3,transcription_factor
FOSL1,transcription_factor
JUN,transcription_factor
MAFB,transcription_factor
ATF6B,transcription_factor
CEBPA,transcription_factor
TFAP2E,transcription_factor
HES2,transcription_factor
SREBF1,transcription_factor
TCFL5,transcription_factor
USF2,transcription_factor
HES1,transcription_factor
TCF21,transcription_factor
MYOG,transcription_factor
MYOD1,transcription_factor
MYCN,transcription_factor
ASCL1,transcription_factor
TCF12,transcription_factor
HES6,transcription_factor
FERD3L,transcription_factor
MSGN1,transcription_factor
NEUROD1,transcription_factor
HAND2,transcription_factor
PTF1A,transcription_factor
NPAS2,transcription_factor
ATOH1,transcription_factor
ARNT2,transcription_factor
NHLH2,transcription_factor
ATOH7,transcription_factor
NEUROG1,transcription_factor
ASCL2,transcription_factor
MESP2,transcription_factor
CREM,transcription_factor
BACH2,transcription_factor
FOSB,transcription_factor
JUND,transcription_factor
CREB3L4,transcription_factor
CREB5,transcription_factor
BATF,transcription_factor
FOS,transcription_factor
JUNB,transcription_factor
MAF,transcription_factor
MAFA,transcription_factor
ZNF263,transcription_factor
DPF1,transcription_factor
ZBTB32,transcription_factor
ZNF76,transcription_factor
KLF6,transcription_factor
ZNF343,transcription_factor
KLF5,transcription_factor
ZNF821,transcription_factor
ZNF174,transcription_factor
KLF3,transcription_factor
ZNF684,transcription_factor
ZBTB45,transcription_factor
SNAI1,transcription_factor
ZNF384,transcription_factor
KLF2,transcription_factor
ZSCAN5A,transcription_factor
KLF4,transcription_factor
ZSCAN9,transcription_factor
ZIC5,transcription_factor
ZNF787,transcription_factor
OSR1,transcription_factor
ZNF660,transcription_factor
ZNF385D,transcription_factor
ZSCAN1,transcription_factor
KLF10,transcription_factor
ZNF276,transcription_factor
ZNF281,transcription_factor
KLF15,transcription_factor
ZNF12,transcription_factor
ZNF704,transcription_factor
OSR2,transcription_factor
ZNF23,transcription_factor
ZNF444,transcription_factor
ZNF597,transcription_factor
ZBTB43,transcription_factor
ZNF32,transcription_factor
ZNF296,transcription_factor
ZBTB26,transcription_factor
KLF17,transcription_factor
OVOL1,transcription_factor
ZNF449,transcription_factor
HIC1,transcription_factor
ZBTB33,transcription_factor
ZNF454,transcription_factor
ZFP42,transcription_factor
ZNF771,transcription_factor
ZBTB2,transcription_factor
ZFP41,transcription_factor
ZBTB20,transcription_factor
ZFP1,transcription_factor
ZBTB37,transcription_factor
SNAI3,transcription_factor
ZNF501,transcription_factor
ZNF396,transcription_factor
ZSCAN23,transcription_factor
ZNF177,transcription_factor
ZNF250,transcription_factor
ZNF140,transcription_factor
ZNF460,transcription_factor
ZBTB14,transcription_factor
ZBTB12,transcription_factor
ZNF580,transcription_factor
SP9,transcription_factor
ZSCAN31,transcription_factor
ZBTB22,transcription_factor
ZNF345,transcription_factor
MBNL2,transcription_factor
YBX1,transcription_factor
LIN28B,transcription_factor
DMRTC2,transcription_factor
DMRTA1,transcription_factor
ETV7,transcription_factor
ELF2,transcription_factor
ETS2,transcription_factor
FOXA2,transcription_factor
FOXA1,transcription_factor
FOXQ1,transcription_factor
FOXA3,transcription_factor
FOXE1,transcription_factor
FOXL2,transcription_factor
FOXR2,transcription_factor
GATA6,transcription_factor
GATA2,transcription_factor
TFCP2L1,transcription_factor
UBP1,transcription_factor
HOXA11,transcription_factor
ISL1,transcription_factor
HOXC8,transcription_factor
BARX2,transcription_factor
LHX5,transcription_factor
SIX4,transcription_factor
HOXA5,transcription_factor
HOXA6,transcription_factor
HOXB6,transcription_factor
NKX3-2,transcription_factor
NANOG,transcription_factor
NKX2-3,transcription_factor
HOXB8,transcription_factor
HOXB1,transcription_factor
LHX4,transcription_factor
HOXA7,transcription_factor
BARHL1,transcription_factor
SIX1,transcription_factor
HOXD1,transcription_factor
HOXD3,transcription_factor
HOXD9,transcription_factor
HOXD10,transcription_factor
CDX4,transcription_factor
RHOXF2,transcription_factor
SIX3,transcription_factor
NKX6-2,transcription_factor
LHX8,transcription_factor
TLX3,transcription_factor
NKX6-3,transcription_factor
NKX3-1,transcription_factor
HOXD4,transcription_factor
IRX1,transcription_factor
SIX2,transcription_factor
HOXB9,transcription_factor
TGIF2LY,transcription_factor
IRX3,transcription_factor
HOXC9,transcription_factor
HOXB4,transcription_factor
ARGFX,transcription_factor
HOXA4,transcription_factor
HOXA10,transcription_factor
LHX1,transcription_factor
POU5F1,transcription_factor
HSFY1,transcription_factor
HSF5,transcription_factor
IRF6,transcription_factor
PPARD,transcription_factor
NR5A2,transcription_factor
NR2C1,transcription_factor
NR4A1,transcription_factor
NR1D1,transcription_factor
NR5A1,transcription_factor
RORC,transcription_factor
NR6A1,transcription_factor
NR1D2,transcription_factor
RORB,transcription_factor
PAX8,transcription_factor
RFX1,transcription_factor
RFX7,transcription_factor
SKOR2,transcription_factor
SMAD5,transcription_factor
NFIC,transcription_factor
SOX30,transcription_factor
TCF7,transcription_factor
BBX,transcription_factor
SOX3,transcription_factor
SOX12,transcription_factor
TBX18,transcription_factor
TBX3,transcription_factor
TBX6,transcription_factor
TBXT,transcription_factor
TEAD2,transcription_factor
XPA,transcription_factor
SKOR1,transcription_factor
FOSL2,transcription_factor
ZKSCAN1,transcription_factor
ZFP14,transcription_factor
ZNF415,transcription_factor
ZNF135,transcription_factor
ZFP82,transcription_factor
ZKSCAN7,transcription_factor
ZNF777,transcription_factor
ZNF682,transcription_factor
FOXP2,transcription_factor
SOX6,transcription_factor
SOX5,transcription_factor
SOX17,transcription_factor
PLAG1,transcription_factor
ZKSCAN2,transcription_factor
ZNF582,transcription_factor
ZNF506,transcription_factor
ZNF324,transcription_factor
ZNF671,transcription_factor
ZNF264,transcription_factor
ZNF302,transcription_factor
ZNF184,transcription_factor
ZNF419,transcription_factor
ZNF85,transcription_factor
ZNF430,transcription_factor
ZNF549,transcription_factor
ZNF211,transcription_factor
ZNF205,transcription_factor
ZNF45,transcription_factor
ZNF133,transcription_factor
ZNF484,transcription_factor
ZNF557,transcription_factor
ZNF337,transcription_factor
ZNF317,transcription_factor
ZNF331,transcription_factor
ZNF141,transcription_factor
ZNF304,transcription_factor
ZNF132,transcription_factor
ZNF189,transcription_factor
ZNF287,transcription_factor
ZIM3,transcription_factor
ZNF614,transcription_factor
ZNF300,transcription_factor
RBAK,transcription_factor
ZNF157,transcription_factor
ZNF182,transcription_factor
ZNF7,transcription_factor
ZNF214,transcription_factor
ZNF547,transcription_factor
ZNF776,transcription_factor
ZNF18,transcription_factor
ZNF19,transcription_factor
ZNF222,transcription_factor
ZNF235,transcription_factor
ZNF714,transcription_factor
ZNF333,transcription_factor
ZNF382,transcription_factor
ZNF496,transcription_factor
PRDM9,transcription_factor
ZNF202,transcription_factor
ZNF3,transcription_factor
ZNF180,transcription_factor
ZNF641,transcription_factor
ZNF610,transcription_factor
ZNF528,transcription_factor
ZNF701,transcription_factor
ZNF283,transcription_factor
ZNF558,transcription_factor
ZNF30,transcription_factor
ZNF354A,transcription_factor
ZNF764,transcription_factor
ZNF778,transcription_factor
ZNF212,transcription_factor
ZNF439,transcription_factor
ZNF440,transcription_factor
ZNF562,transcription_factor
ZNF561,transcription_factor
ZNF584,transcription_factor
ZIK1,transcription_factor
ZNF540,transcription_factor
ZNF570,transcription_factor
ZNF621,transcription_factor
ZNF680,transcription_factor
ZNF483,transcription_factor
ZNF417,transcription_factor
ZNF791,transcription_factor
ZNF266,transcription_factor
ZNF519,transcription_factor
ZNF25,transcription_factor
ZNF77,transcription_factor
ZNF169,transcription_factor
ZNF613,transcription_factor
ZNF620,transcription_factor
ZNF619,transcription_factor
ZNF114,transcription_factor
ZNF543,transcription_factor
ZNF354B,transcription_factor
ZNF223,transcription_factor
ZNF552,transcription_factor
ZNF154,transcription_factor
ZNF816,transcription_factor
ZNF571,transcription_factor
ZNF443,transcription_factor
ZNF792,transcription_factor
ZNF707,transcription_factor
ZNF875,transcription_factor
ZNF101,transcription_factor
ZNF716,transcription_factor
ZNF708,transcription_factor
ZNF662,transcription_factor
ZNF320,transcription_factor
ZNF530,transcription_factor
ZNF730,transcription_factor
ZNF93,transcription_factor
ZFP90,transcription_factor
ZNF479,transcription_factor
ZNF445,transcription_factor
ZNF74,transcription_factor
ZNF267,transcription_factor
ZNF566,transcription_factor
ZNF529,transcription_factor
ZNF284,transcription_factor
ZNF749,transcription_factor
ZNF17,transcription_factor
ZNF555,transcription_factor
ZNF75D,transcription_factor
ZNF197,transcription_factor
ZFP69B,transcription_factor
ZFP69,transcription_factor
ZNF626,transcription_factor
ZNF793,transcription_factor
ZNF383,transcription_factor
ZNF669,transcription_factor
ZNF548,transcription_factor
ZNF567,transcription_factor
ZNF573,transcription_factor
ZNF527,transcription_factor
ZNF33A,transcription_factor
ZNF79,transcription_factor
ZNF681,transcription_factor
ZNF766,transcription_factor
ZNF565,transcription_factor
ZNF765,transcription_factor
ZNF124,transcription_factor
ZNF605,transcription_factor
ZNF799,transcription_factor
ZNF782,transcription_factor
ZNF846,transcription_factor
ZNF136,transcription_factor
ZKSCAN5,transcription_factor
ZNF33B,transcription_factor
ZNF431,transcription_factor
ZNF418,transcription_factor
ZNF585A,transcription_factor
ZNF429,transcription_factor
ZNF100,transcription_factor
ZNF398,transcription_factor
ZNF441,transcription_factor
ZNF257,transcription_factor
ZNF785,transcription_factor
ZNF786,transcription_factor
ZNF675,transcription_factor
ZNF860,transcription_factor
ZNF695,transcription_factor
ZNF615,transcription_factor
ZNF433,transcription_factor
ZNF81,transcription_factor
ZNF780A,transcription_factor
ZNF181,transcription_factor
ZNF44,transcription_factor
ZNF790,transcription_factor
ZNF823,transcription_factor
ZNF311,transcription_factor
ZNF273,transcription_factor
ZNF84,transcription_factor
ZNF667,transcription_factor
ZNF649,transcription_factor
ZNF248,transcription_factor
ZNF334,transcription_factor
ZNF485,transcription_factor
ZNF442,transcription_factor
ZNF26,transcription_factor
ZNF69,transcription_factor
ZNF480,transcription_factor
ZNF587,transcription_factor
ZNF808,transcription_factor
ZNF28,transcription_factor
ZNF627,transcription_factor
ZNF789,transcription_factor
ZNF534,transcription_factor
ZNF525,transcription_factor
ZNF805,transcription_factor
ZNF468,transcription_factor
ZNF616,transcription_factor
ZFP57,transcription_factor
ZNF783,transcription_factor
ZNF425,transcription_factor
ZNF611,transcription_factor
ZNF254,transcription_factor
ZNF90,transcription_factor
ZNF891,transcription_factor
ZNF705G,transcription_factor
ZNF880,transcription_factor
ZNF492,transcription_factor
ZNF879,transcription_factor
ZNF736,transcription_factor
ZNF737,transcription_factor
ZNF324B,transcription_factor
ZNF564,transcription_factor
ZNF674,transcription_factor
ZNF550,transcription_factor
ZNF432,transcription_factor
ZNF10,transcription_factor
ZNF486,transcription_factor
ZNF225,transcription_factor
ZNF285,transcription_factor
ZNF224,transcription_factor
ZIM2,transcription_factor
ZNF2,transcription_factor
ZNF8,transcription_factor
ZNF487,transcription_factor
MXI1,transcription_factor
MYC,transcription_factor
ZEB1,transcription_factor
REST,transcription_factor
CTCFL,transcription_factor
E2F6,transcription_factor
PBX3,transcription_factor
STAT1,transcription_factor
STAT3,transcription_factor
STAT2,transcription_factor
THAP1,transcription_factor
TP73,transcription_factor
HIF1A,transcription_factor
TWIST1,transcription_factor
MITF,transcription_factor
KLF9,transcription_factor
ZNF24,transcription_factor
NFYA,transcription_factor
TFDP1,transcription_factor
FOXK2,transcription_factor
FOXH1,transcription_factor
GRHL2,transcription_factor
PBX2,transcription_factor
DUX4,transcription_factor
IRF1,transcription_factor
MYB,transcription_factor
ESR2,transcription_factor
HNF4G,transcription_factor
NR2F2,transcription_factor
RELB,transcription_factor
SOX13,transcription_factor
TCF7L2,transcription_factor
NFYB,transcription_factor
BACH1,transcription_factor
SIX5,transcription_factor
TBP,transcription_factor
ZNF416,transcription_factor
ZNF574,transcription_factor
ZNF41,transcription_factor
ZNF653,transcription_factor
ZNF35,transcription_factor
ZNF16,transcription_factor
ZNF692,transcription_factor
ZFP3,transcription_factor
ZNF322,transcription_factor
ZNF467,transcription_factor
ZSCAN22,transcription_factor
ZNF71,transcription_factor
ZFP64,transcription_factor
PRDM6,transcription_factor
ZNF37A,transcription_factor
ZNF586,transcription_factor
MYNN,transcription_factor
ZNF213,transcription_factor
PATZ1,transcription_factor
MAZ,transcription_factor
ZNF175,transcription_factor
KLF7,transcription_factor
GTF3A,transcription_factor
ZNF436,transcription_factor
FEZF1,transcription_factor
ZNF341,transcription_factor
ZNF394,transcription_factor
IKZF3,transcription_factor
ZNF513,transcription_factor
ZNF22,transcription_factor
ZNF146,transcription_factor
ZNF280A,transcription_factor
ZNF768,transcription_factor
ZNF554,transcription_factor
ZNF596,transcription_factor
ZBTB42,transcription_factor
ZNF594,transcription_factor
ZNF329,transcription_factor
ZBTB6,transcription_factor
ZSCAN30,transcription_factor
ZNF490,transcription_factor
ZNF563,transcription_factor
ZNF34,transcription_factor
ZNF774,transcription_factor
ZNF502,transcription_factor
ZFP28,transcription_factor
ZNF98,transcription_factor
ZNF677,transcription_factor
ZNF121,transcription_factor
ZNF770,transcription_factor
ZSCAN5C,transcription_factor
ZBTB48,transcription_factor
ZNF134,transcription_factor
GLI4,transcription_factor
ZNF260,transcription_factor
ZNF350,transcription_factor
ZNF595,transcription_factor
INSM1,transcription_factor
ARID5B,transcription_factor
LYL1,transcription_factor
AHR,transcription_factor
EPAS1,transcription_factor
ARNT,transcription_factor
TAL1,transcription_factor
NFE2L2,transcription_factor
ATF1,transcription_factor
ZFX,transcription_factor
MECOM,transcription_factor
SALL4,transcription_factor
KLF8,transcription_factor
ZBTB17,transcription_factor
PRDM14,transcription_factor
IKZF1,transcription_factor
ZNF335,transcription_factor
E2F5,transcription_factor
FOXM1,transcription_factor
LHX3,transcription_factor
NKX2-1,transcription_factor
NKX6-1,transcription_factor
MBD2,transcription_factor
MECP2,transcription_factor
NR1H3,transcription_factor
PPARA,transcription_factor
TP53,transcription_factor
RUNX1,transcription_factor
AIRE,transcription_factor
SMAD4,transcription_factor
STAT5A,transcription_factor
STAT4,transcription_factor
STAT6,transcription_factor
STAT5B,transcription_factor
THAP11,transcription_factor
NFYC,transcription_factor
ZNF711,transcription_factor
ARID3A,transcription_factor
HMGA1,transcription_factor
HMGA2,transcription_factor
MYF5,transcription_factor
NFE2L3,transcription_factor
ATF5,transcription_factor
DDIT3,transcription_factor
ZEB2,transcription_factor
HIVEP2,transcription_factor
IKZF2,transcription_factor
ZBTB11,transcription_factor
ZNF423,transcription_factor
ZBTB16,transcription_factor
ZNF541,transcription_factor
GZF1,transcription_factor
ZSCAN10,transcription_factor
PRDM12,transcription_factor
ZNF236,transcription_factor
PRDM15,transcription_factor
PRDM16,transcription_factor
ZNF761,transcription_factor
ZNF148,transcription_factor
ZNF589,transcription_factor
ZNF219,transcription_factor
SALL2,transcription_factor
E4F1,transcription_factor
SP7,transcription_factor
ZNF581,transcription_factor
ZNF217,transcription_factor
ZFP92,transcription_factor
ZSCAN26,transcription_factor
ZNF628,transcription_factor
ZNF521,transcription_factor
SP5,transcription_factor
ZNF316,transcription_factor
ZNF705E,transcription_factor
ZNF727,transcription_factor
ZNF735,transcription_factor
ZNF883,transcription_factor
ZNF718,transcription_factor
ZNF658,transcription_factor
SATB1,transcription_factor
CXXC1,transcription_factor
EBF4,transcription_factor
EBF3,transcription_factor
EBF2,transcription_factor
FOXF1,transcription_factor
FOXN1,transcription_factor
FOXJ1,transcription_factor
FOXD4L4,transcription_factor
TRPS1,transcription_factor
GTF2IRD1,transcription_factor
GTF2I,transcription_factor
HOXA3,transcription_factor
NKX2-2,transcription_factor
SETDB1,transcription_factor
MTERF1,transcription_factor
CDC5L,transcription_factor
SMAD9,transcription_factor
SMAD1,transcription_factor
HBP1,transcription_factor
SOX11,transcription_factor
TBX22,transcription_factor
LTF,transcription_factor
DNTTIP1,transcription_factor
POU2AF1,transcription_factor
CEBPZ,transcription_factor
GTF2B,transcription_factor
CARF,transcription_factor
SPZ1,transcription_factor
NR0B1,transcription_factor
BPTF,transcription_factor
PURA,transcription_factor
TOPORS,transcription_factor
NFE4,transcription_factor
ADNP,transcription_factor
CHAMP1,transcription_factor
DACH1,transcription_factor
DRAP1,transcription_factor
GATAD1,transcription_factor
GATAD2A,transcription_factor
HHEX,transcription_factor
HMG20A,transcription_factor
HMG20B,transcription_factor
HMGXB4,transcription_factor
IKZF5,transcription_factor
INSM2,transcription_factor
KAT7,transcription_factor
KMT2B,transcription_factor
MBD1,transcription_factor
MXD3,transcription_factor
MXD4,transcription_factor
NCOA1,transcription_factor
NCOA3,transcription_factor
NFXL1,transcription_factor
PHF20,transcription_factor
PRDM10,transcription_factor
SKI,transcription_factor
ZBED5,transcription_factor
ZBTB10,transcription_factor
ZBTB21,transcription_factor
ZBTB25,transcription_factor
ZBTB40,transcription_factor
ZBTB8A,transcription_factor
ZFP37,transcription_factor
ZFP91,transcription_factor
ZGPAT,transcription_factor
ZKSCAN8,transcription_factor
ZNF239,transcription_factor
ZNF362,transcription_factor
ZNF366,transcription_factor
ZNF407,transcription_factor
ZNF426,transcription_factor
ZNF48,transcription_factor
ZNF507,transcription_factor
ZNF511,transcription_factor
ZNF512,transcription_factor
ZNF518A,transcription_factor
ZNF577,transcription_factor
ZNF579,transcription_factor
ZNF585B,transcription_factor
ZNF592,transcription_factor
ZNF600,transcription_factor
ZNF629,transcription_factor
ZNF639,transcription_factor
ZNF644,transcription_factor
ZNF652,transcription_factor
ZNF654,transcription_factor
ZNF664,transcription_factor
ZNF697,transcription_factor
ZNF781,transcription_factor
ZNF83,transcription_factor
ZNF843,transcription_factor
ZSCAN21,transcription_factor
ZXDB,transcription_factor
AFF4,transcription_factor
ASCC1,transcription_factor
BAD,transcription_factor
CBFA2T2,transcription_factor
CBFB,transcription_factor
ZNF830,transcription_factor
CNOT6,transcription_factor
NELFB,transcription_factor
DDX20,transcription_factor
ENO1,transcription_factor
FEZF2,transcription_factor
FHL2,transcription_factor
FOXP4,transcription_factor
GTF2H3,transcription_factor
GTF3C2,transcription_factor
GTF3C5,transcription_factor
HCFC2,transcription_factor
HCLS1,transcription_factor
HDAC8,transcription_factor
UBE2K,transcription_factor
HTATIP2,transcription_factor
ID2,transcription_factor
KDM5A,transcription_factor
LARP1,transcription_factor
CERS4,transcription_factor
MAGED4,transcription_factor
MAGEF1,transcription_factor
MYEF2,transcription_factor
NCALD,transcription_factor
NME1,transcription_factor
NMRAL1,transcription_factor
NUCB1,transcription_factor
OTUD4,transcription_factor
PAXIP1,transcription_factor
PDCD11,transcription_factor
PDLIM5,transcription_factor
PHTF1,transcription_factor
PIR,transcription_factor
PLAGL1,transcription_factor
PQBP1,transcription_factor
PURG,transcription_factor
RAB18,transcription_factor
RAN,transcription_factor
RBBP5,transcription_factor
RBFOX2,transcription_factor
RFXANK,transcription_factor
SCAND2P,transcription_factor
SCMH1,transcription_factor
SEMA4A,transcription_factor
SF1,transcription_factor
SMAD2,transcription_factor
SNAPC4,transcription_factor
SNAPC5,transcription_factor
SND1,transcription_factor
SSBP3,transcription_factor
SSX2,transcription_factor
SSX3,transcription_factor
TAF1A,transcription_factor
TAF9,transcription_factor
TBPL1,transcription_factor
TCEAL2,transcription_factor
TFAM,transcription_factor
THAP5,transcription_factor
MED30,transcription_factor
TIMELESS,transcription_factor
TRMT1,transcription_factor
TSC22D4,transcription_factor
TSNAX,transcription_factor
TULP1,transcription_factor
VPS4B,transcription_factor
YEATS4,transcription_factor
ZBTB4,transcription_factor
ZBTB46,transcription_factor
ZHX3,transcription_factor
ZNF131,transcription_factor
ZNF160,transcription_factor
ZNF207,transcription_factor
RNF114,transcription_factor
ZNF326,transcription_factor
ZNF385A,transcription_factor
ZNF503,transcription_factor
ZNF510,transcription_factor
ZNF706,transcription_factor
TFAP2D,transcription_factor
BRCA1,transcription_factor
CREB3L2,transcription_factor
FUBP1,transcription_factor
HAND1,transcription_factor
HLTF,transcription_factor
HOXC6,transcription_factor
ID4,transcription_factor
NR1H2,transcription_factor
NR4A3,transcription_factor
SMARCA1,transcription_factor
SMARCA5,transcription_factor
SOX1,transcription_factor
TAF1,transcription_factor
TLX1,transcription_factor
HIVEP1,transcription_factor
ZNF165,transcription_factor
NF1,transcription_factor
BNC2,transcription_factor
ZBED2,transcription_factor
NKX2-4,transcription_factor
ARID5A,transcription_factor
BCL3,transcription_factor
CHD1,transcription_factor
CHD2,transcription_factor
DBX2,transcription_factor
DMC1,transcription_factor
EP300,transcription_factor
EZH2,transcription_factor
GTF2F1,transcription_factor
HCFC1,transcription_factor
HLX,transcription_factor
HOXC5,transcription_factor
IRX4,transcription_factor
IRX6,transcription_factor
MTA3,transcription_factor
NKX1-1,transcription_factor
NKX1-2,transcription_factor
NKX2-6,transcription_factor
OTP,transcription_factor
PML,transcription_factor
RAD21,transcription_factor
RCOR1,transcription_factor
SIN3A,transcription_factor
SMARCC1,transcription_factor
SMARCC2,transcription_factor
SMC3,transcription_factor
SP100,transcription_factor
TBL1XR1,transcription_factor
WRNIP1,transcription_factor
ZBTB3,transcription_factor
ZNF691,transcription_factor
TRAF4,transcription_factor
CPSF4,transcription_factor
MYCLP1,transcription_factor
TCF15,transcription_factor
TAF6,transcription_factor
GABPB1,transcription_factor
ILF2,transcription_factor
SIRT6,transcription_factor
ING4,transcription_factor
CHURC1,transcription_factor
MXD1,transcription_factor
TAL2,transcription_factor
RFXAP,transcription_factor
GTF2A2,transcription_factor
GTF2A1,transcription_factor
TFDP2,transcription_factor
RB1,transcription_factor
SMAD7,transcription_factor
SMAD6,transcription_factor
DEAF1,transcription_factor
ARNTL2,transcription_factor
TRIM28,transcription_factor
PARP1,transcription_factor
TERF1,transcription_factor
CNOT3,transcription_factor
DBX1,transcription_factor
BRF1,transcription_factor
BDP1,transcription_factor
POLR3A,transcription_factor
EWSR1,transcription_factor
CTNNB1,transcription_factor
FOXN4,transcription_factor
BCLAF1,transcription_factor
CCNT2,transcription_factor
HDAC2,transcription_factor
OVOL3,transcription_factor
ZNF536,transcription_factor
ZBTB5,transcription_factor
ZNF688,transcription_factor
TBX10,transcription_factor
FOXD4L6,transcription_factor
FOXE3,transcription_factor
RLF,transcription_factor
SP6,transcription_factor
ZNF746,transcription_factor
FOXD4L5,transcription_factor
FOXD4L3,transcription_factor
TBPL2,transcription_factor
ZNF687,transcription_factor
ZNF438,transcription_factor
ZNF516,transcription_factor
ZSCAN18,transcription_factor
PRDM13,transcription_factor
FOXD4L1,transcription_factor
SALL1,transcription_factor
ZBTB41,transcription_factor
ZBTB1,transcription_factor
ZSCAN5B,transcription_factor
GTF2A1L,transcription_factor
ZBTB8B,transcription_factor
ZNF575,transcription_factor
ZNF280B,transcription_factor
ZBTB34,transcription_factor
IKZF4,transcription_factor
AEBP2,transcription_factor
ZNF772,transcription_factor
ZSCAN25,transcription_factor
FIZ1,transcription_factor
ZNF215,transcription_factor
SALL3,transcription_factor
ZNF500,transcription_factor
ZFY,transcription_factor
ZBTB24,transcription_factor
ZNF853,transcription_factor
ZSCAN20,transcription_factor
ZNF80,transcription_factor
ZNF20,transcription_factor
ZNF630,transcription_factor
ZNF699,transcription_factor
ZNF470,transcription_factor
ZNF57,transcription_factor
ZXDC,transcription_factor
ZNF648,transcription_factor
ZNF544,transcription_factor
ZNF546,transcription_factor
ZNF517,transcription_factor
ZFP2,transcription_factor
ZNF572,transcription_factor
ZNF66,transcription_factor
ZNF689,transcription_factor
ZNF837,transcription_factor
ZNF710,transcription_factor
ZNF625,transcription_factor
ZNF491,transcription_factor
ZNF709,transcription_factor
ZNF526,transcription_factor
ZNF676,transcription_factor
ZNF556,transcription_factor
ZNF408,transcription_factor
ZNF700,transcription_factor
ZNF286A,transcription_factor
ZNF471,transcription_factor
ZFP30,transcription_factor
ZNF230,transcription_factor
ZNF233,transcription_factor
ZNF275,transcription_factor
ZNF729,transcription_factor
ZSCAN32,transcription_factor
ZNF195,transcription_factor
ZNF814,transcription_factor
ZNF878,transcription_factor
ZNF726,transcription_factor
ZNF208,transcription_factor
ZNF732,transcription_factor
ZNF99,transcription_factor
ZNF253,transcription_factor
ZNF623,transcription_factor
ZNF14,transcription_factor
ZNF705D,transcription_factor
ZNF43,transcription_factor
ZNF92,transcription_factor
ZNF117,transcription_factor
ZNF138,transcription_factor
ZNF91,transcription_factor
ZXDA,transcription_factor
ZNF155,transcription_factor
ZNF234,transcription_factor
ZNF844,transcription_factor
ZNF763,transcription_factor
ZNF569,transcription_factor
ZNF404,transcription_factor
ZNF678,transcription_factor
ZNF829,transcription_factor
ZNF672,transcription_factor
ZNF568,transcription_factor
ZNF841,transcription_factor
ZNF813,transcription_factor
ZNF836,transcription_factor
ZNF705A,transcription_factor
ZNF773,transcription_factor
ZNF551,transcription_factor
ZSCAN2,transcription_factor
ZNF227,transcription_factor
ZNF497,transcription_factor
ZNF493,transcription_factor
ZNF679,transcription_factor
ZNF683,transcription_factor
ZFP62,transcription_factor
ZNF721,transcription_factor
ZNF461,transcription_factor
ZNF397,transcription_factor
ZNF420,transcription_factor
ZNF578,transcription_factor
ZNF775,transcription_factor
ZNF845,transcription_factor
ZNF560,transcription_factor
ZNF606,transcription_factor
ZNF668,transcription_factor
ZKSCAN4,transcription_factor
ZNF514,transcription_factor
ZNF696,transcription_factor
ZNF607,transcription_factor
ZNF599,transcription_factor
ZNF559,transcription_factor
ZNF251,transcription_factor
ZNF583,transcription_factor
ZNF665,transcription_factor
ZNF670,transcription_factor
ZNF358,transcription_factor
ZNF319,transcription_factor
ZNF70,transcription_factor
ZNF226,transcription_factor
ZNF624,transcription_factor
PRDM5,transcription_factor
ZNF112,transcription_factor
ZNF780B,transcription_factor
ZBTB47,transcription_factor
ZBTB39,transcription_factor
ZNF646,transcription_factor
ZNF835,transcription_factor
ZNF107,transcription_factor
ZNF391,transcription_factor
ZSCAN12,transcription_factor
ZFPM1,transcription_factor
PEG3,transcription_factor
ZBTB38,transcription_factor
ZNF367,transcription_factor
ZNF256,transcription_factor
HDAC1,transcription_factor
APEX1,transcription_factor
CTBP1,transcription_factor
BANP,transcription_factor
CRTC2,transcription_factor
NONO,transcription_factor
SFPQ,transcription_factor
ABL1,transcription_factor
HELT,transcription_factor
DIDO1,transcription_factor
HNRNPUL1,transcription_factor
DPF2,transcription_factor
NCOA2,transcription_factor
ILF3,transcription_factor
RHOXF2B,transcription_factor
AHDC1,transcription_factor
HMGXB3,transcription_factor
LCOR,transcription_factor
MLLT10,transcription_factor
SATB2,transcription_factor
GPBP1L1,transcription_factor
ZNF280D,transcription_factor
ZNF142,transcription_factor
ZNF462,transcription_factor
ZNF576,transcription_factor
ATF7-NPFF,transcription_factor
NANOGP8,transcription_factor
MBTPS2,transcription_factor
CIC,transcription_factor
SETBP1,transcription_factor
FOXL3,transcription_factor
SEBOX,transcription_factor
DMRTB1,transcription_factor
RFX6,transcription_factor
TAF1L,transcription_factor
TWIST2,transcription_factor
FREM1,transcription_factor
ARID3B,transcription_factor
RBPJL,transcription_factor
CREBL2,transcription_factor
FOXB2,transcription_factor
FOXD4,transcription_factor
SP140,transcription_factor
CPHXL,transcription_factor
AHCTF1,transcription_factor
DNAJC21,transcription_factor
MYPOP,transcription_factor
PRDM11,transcription_factor
PHF21A,transcription_factor
CCDC169-SOHLH2,transcription_factor
MLXIP,transcription_factor
CREBZF,transcription_factor
TERF2,transcription_factor
SP110,transcription_factor
NFX1,transcription_factor
ASH2L,transcription_factor
METTL14,transcription_factor
VPS72,transcription_factor
CERS6,transcription_factor
CERS3,transcription_factor
CERS5,transcription_factor
CERS2,transcription_factor
PRDM7,transcription_factor
HIF3A,transcription_factor
BNC1,transcription_factor
FANK1,transcription_factor
IL21,transcription_factor
ZNF622,transcription_factor
NPAS4,transcription_factor
ZBED6,transcription_factor
TMEM33,transcription_factor
ACAA1,transcription_factor
ZNF800,transcription_factor
ADNP2,transcription_factor
ZNF414,transcription_factor
ZFP91-CNTF,transcription_factor
ZNF587B,transcription_factor
ZNF451,transcription_factor
ZNF532,transcription_factor
LDB1,transcription_factor
LMO2,transcription_factor
YOD1,transcription_factor
METTL3,transcription_factor
A1CF,transcription_factor
ABCF2,transcription_factor
ACO1,transcription_factor
ADARB1,transcription_factor
AGAP2,transcription_factor
AGGF1,transcription_factor
AGMAT,transcription_factor
AHRR,transcription_factor
AKR1A1,transcription_factor
ANXA1,transcription_factor
ANXA11,transcription_factor
APEX2,transcription_factor
ARFGAP1,transcription_factor
ARG1,transcription_factor
ARG2,transcription_factor
ARID3C,transcription_factor
ASAP3,transcription_factor
ASPSCR1,transcription_factor
ATOH8,transcription_factor
AVEN,transcription_factor
BAX,transcription_factor
BOLL,transcription_factor
BORCS8-MEF2B,transcription_factor
BRF2,transcription_factor
C19orf25,transcription_factor
CANX,transcription_factor
CAT,transcription_factor
CBX7,transcription_factor
CCDC25,transcription_factor
CD59,transcription_factor
CDK2AP1,transcription_factor
CELF4,transcription_factor
CELF5,transcription_factor
CELF6,transcription_factor
CFL2,transcription_factor
CKMT1B,transcription_factor
CLK1,transcription_factor
CNOT4,transcription_factor
CPTP,transcription_factor
CSNK2B,transcription_factor
CSTF2,transcription_factor
CYB5R1,transcription_factor
CYCS,transcription_factor
DAB2,transcription_factor
DAZAP1,transcription_factor
DDX4,transcription_factor
DDX43,transcription_factor
DDX53,transcription_factor
DGCR8,transcription_factor
DHX36,transcription_factor
DIABLO,transcription_factor
DIS3,transcription_factor
DMAP1,transcription_factor
DNMT3A,transcription_factor
DR1,transcription_factor
DTL,transcription_factor
DUS3L,transcription_factor
DUSP22,transcription_factor
DUSP26,transcription_factor
ECSIT,transcription_factor
EDN1,transcription_factor
EEF1D,transcription_factor
EIF5A2,transcription_factor
ESRP1,transcription_factor
ESRP2,transcription_factor
ETFB,transcription_factor
EXO5,transcription_factor
EXOSC3,transcription_factor
EZR,transcription_factor
FAAP24,transcription_factor
FAM127B,transcription_factor
FBXL19,transcription_factor
FEZ1,transcription_factor
FGF19,transcription_factor
FIP1L1,transcription_factor
FOXS1,transcription_factor
GADD45A,transcription_factor
GAR1,transcription_factor
GIT2,transcription_factor
GLYCTK,transcription_factor
GOT1,transcription_factor
GPAM,transcription_factor
GPANK1,transcription_factor
GPD1,transcription_factor
GRHL3,transcription_factor
GRHPR,transcription_factor
GTPBP1,transcription_factor
GTPBP6,transcription_factor
H1FX,transcription_factor
H2AFY,transcription_factor
H2AFZ,transcription_factor
HADHB,transcription_factor
HDAC3,transcription_factor
HES4,transcription_factor
HEYL,transcription_factor
HHAT,transcription_factor
HIRIP3,transcription_factor
HIST1H2BN,transcription_factor
HIST2H2AB,transcription_factor
HIST2H2BE,transcription_factor
HIVEP3,transcription_factor
HKR1,transcription_factor
HLCS,transcription_factor
HMGB1,transcription_factor
HMGB2,transcription_factor
HMGB3,transcription_factor
HMGB4,transcription_factor
HNRNPA0,transcription_factor
HNRNPA1,transcription_factor
HNRNPC,transcription_factor
HNRNPH3,transcription_factor
HNRNPLL,transcription_factor
HP1BP3,transcription_factor
HSPA1L,transcription_factor
HSPA5,transcription_factor
HUNK,transcription_factor
ID1,transcription_factor
IL24,transcription_factor
ING3,transcription_factor
IVD,transcription_factor
JAZF1,transcription_factor
JRK,transcription_factor
JRKL,transcription_factor
KCNIP1,transcription_factor
KDM2A,transcription_factor
KDM4A,transcription_factor
KDM4B,transcription_factor
KDM4C,transcription_factor
KDM4D,transcription_factor
KDM4E,transcription_factor
KDM5D,transcription_factor
KDM7A,transcription_factor
KIAA0907,transcription_factor
KIF22,transcription_factor
KLF18,transcription_factor
KLRG1,transcription_factor
LARP4,transcription_factor
LAS1L,transcription_factor
LIN28A,transcription_factor
LRRFIP1,transcription_factor
LSM6,transcription_factor
LUZP1,transcription_factor
LUZP2,transcription_factor
MAGEA8,transcription_factor
MAGOH,transcription_factor
MAP4K2,transcription_factor
MAPK1,transcription_factor
MCTP2,transcription_factor
MDM2,transcription_factor
MELK,transcription_factor
METTL21B,transcription_factor
MEX3C,transcription_factor
MIEF1,transcription_factor
MIOS,transcription_factor
MKX,transcription_factor
MORN1,transcription_factor
MRPL1,transcription_factor
MRPL2,transcription_factor
MRPS25,transcription_factor
MSI1,transcription_factor
MSI2,transcription_factor
MSRA,transcription_factor
MSRB3,transcription_factor
MTHFD1,transcription_factor
MYCL,transcription_factor
MYLK,transcription_factor
NAGS,transcription_factor
NANOS1,transcription_factor
NAP1L1,transcription_factor
NCBP2,transcription_factor
NCOR1,transcription_factor
NCOR2,transcription_factor
NELFA,transcription_factor
NEUROG3,transcription_factor
NMI,transcription_factor
NNT,transcription_factor
NOC2L,transcription_factor
NPDC1,transcription_factor
NUP107,transcription_factor
NUP133,transcription_factor
NXPH3,transcription_factor
ODC1,transcription_factor
P4HB,transcription_factor
PCK2,transcription_factor
PDE6H,transcription_factor
PDS5A,transcription_factor
PGAM2,transcription_factor
PHF12,transcription_factor
PHF2,transcription_factor
PHF8,transcription_factor
PHLDA2,transcription_factor
PICK1,transcription_factor
PIK3C3,transcription_factor
PKM,transcription_factor
PLG,transcription_factor
POLD2,transcription_factor
POLE3,transcription_factor
POLE4,transcription_factor
POLI,transcription_factor
POLR2A,transcription_factor
POLR3G,transcription_factor
PPARGC1A,transcription_factor
PPP1R10,transcription_factor
PPP2R3B,transcription_factor
PPP5C,transcription_factor
PRDX5,transcription_factor
PRKAA1,transcription_factor
PRKAA2,transcription_factor
PRNP,transcription_factor
PROX2,transcription_factor
PSMA6,transcription_factor
PSMC2,transcription_factor
PSMD12,transcription_factor
PTCD1,transcription_factor
PTPMT1,transcription_factor
PUM3,transcription_factor
R3HDM2,transcription_factor
RAB14,transcription_factor
RAB2A,transcription_factor
RAB7A,transcription_factor
RBBP9,transcription_factor
RBM17,transcription_factor
RBM22,transcription_factor
RBM3,transcription_factor
RBM42,transcription_factor
RBM7,transcription_factor
RBM8A,transcription_factor
RBMS1,transcription_factor
RFC2,transcription_factor
RFC3,transcription_factor
RFX8,transcription_factor
RIOK2,transcription_factor
RNASEH2C,transcription_factor
RNF138,transcription_factor
RPL35,transcription_factor
RPL6,transcription_factor
RPP25,transcription_factor
RPS10,transcription_factor
RPS4X,transcription_factor
RPS6KA5,transcription_factor
RUFY3,transcription_factor
RUVBL1,transcription_factor
SCAND1,transcription_factor
SCX,transcription_factor
SF3B1,transcription_factor
SFT2D1,transcription_factor
SIM1,transcription_factor
SIM2,transcription_factor
SLC18A1,transcription_factor
SMAP2,transcription_factor
SMPX,transcription_factor
SMUG1,transcription_factor
SNRNP70,transcription_factor
SNRPB2,transcription_factor
SOCS4,transcription_factor
SOD1,transcription_factor
SPAG7,transcription_factor
SPATS2,transcription_factor
SPR,transcription_factor
SRBD1,transcription_factor
SRP9,transcription_factor
SRRM3,transcription_factor
SSRP1,transcription_factor
STAU2,transcription_factor
STK40,transcription_factor
STUB1,transcription_factor
SUCLG1,transcription_factor
T,transcription_factor
TAF7,transcription_factor
TAGLN2,transcription_factor
TCEAL6,transcription_factor
TCF23,transcription_factor
TCF24,transcription_factor
TFDP3,transcription_factor
TFF3,transcription_factor
THOC2,transcription_factor
TIA1,transcription_factor
TIGD2,transcription_factor
TIGD3,transcription_factor
TIGD4,transcription_factor
TIGD5,transcription_factor
TIGD6,transcription_factor
TIGD7,transcription_factor
TIMM44,transcription_factor
TIMM8A,transcription_factor
TMSB4XP8,transcription_factor
TOB2,transcription_factor
TPI1,transcription_factor
TPPP,transcription_factor
TRIB1,transcription_factor
TRIB2,transcription_factor
TRIB3,transcription_factor
TRIM21,transcription_factor
TRIM69,transcription_factor
TRIP10,transcription_factor
TRMO,transcription_factor
TROVE2,transcription_factor
TSN,transcription_factor
U2AF1,transcription_factor
UBB,transcription_factor
UBE2V1,transcription_factor
UBTF,transcription_factor
UBXN1,transcription_factor
UGP2,transcription_factor
UQCRB,transcription_factor
USP39,transcription_factor
UTP18,transcription_factor
VAMP3,transcription_factor
WDR83,transcription_factor
WISP2,transcription_factor
XG,transcription_factor
XRCC1,transcription_factor
YWHAE,transcription_factor
YWHAZ,transcription_factor
ZC3H7A,transcription_factor
ZCCHC14,transcription_factor
ZCCHC17,transcription_factor
ZDHHC15,transcription_factor
ZDHHC24,transcription_factor
ZDHHC5,transcription_factor
ZHX2,transcription_factor
ZMAT2,transcription_factor
ZMAT4,transcription_factor
ZNF286B,transcription_factor
ZNF355P,transcription_factor
ZNF542P,transcription_factor
ZNF598,transcription_factor
ZNF658B,transcription_factor
ZNF702P,transcription_factor
ZNF705CP,transcription_factor
ZNF717,transcription_factor
ZNF720,transcription_factor
ZNF788,transcription_factor
ZNF806,transcription_factor
ZNF826P,transcription_factor
ZNF827,transcription_factor
ZNF831,transcription_factor
ZRSR2,transcription_factor
ZSWIM1,transcription_factor
